{
    "camera": {
        "c2w_matrix": [
            [
                0.9116401063955093,
                -0.09437251127061028,
                0.40000768183581564,
                0.2078500885072438
            ],
            [
                0.41098943588757186,
                0.20933327891932862,
                -0.8872808247255759,
                -0.461044640701894
            ],
            [
                -1.1102230246251565e-16,
                0.9732797169639165,
                0.22962271783653918,
                0.11931546415948158
            ]
        ],
        "render_resolution": 512,
        "fov_radians": 1.3089969389957472
    }
}