{
    "camera": {
        "c2w_matrix": [
            [
                0.8121356900194424,
                -0.04440516264720884,
                0.5817764197068485,
                0.25647801470897524
            ],
            [
                0.5833327322290609,
                0.04027584478857106,
                -0.8112341091428208,
                -0.34786493125112644
            ],
            [
                0.012591445779686794,
                0.9982014014500491,
                0.058612435850554256,
                0.03809758225266696
            ]
        ],
        "render_resolution": 512,
        "fov_radians": 1.3089969389957472
    }
}