{
    "camera": {
        "c2w_matrix": [
            [
                0.9400047704000506,
                0.056307907329013,
                0.33648246789004543,
                0.2691066200382026
            ],
            [
                0.34116129854534816,
                -0.1551456795545071,
                -0.927113146541684,
                -0.6329530383375095
            ],
            [
                -8.326672684688674e-17,
                0.9862855761328955,
                -0.16504775767093147,
                0.017038669411589255
            ]
        ],
        "render_resolution": 512,
        "fov_radians": 1.3089969389957472
    }
}