{
    "camera": {
        "c2w_matrix": [
            [
                0.9376446728155964,
                0.012369025140500756,
                0.3473751210976497,
                0.0007988429671655523
            ],
            [
                0.3475952639788596,
                -0.033365674774032725,
                -0.9370508333096664,
                0.04329925991968332
            ],
            [
                -2.7755575615628914e-17,
                0.9993666689278501,
                -0.03558456176564302,
                -0.018490280682950173
            ]
        ],
        "render_resolution": 512,
        "fov_radians": 1.3089969389957472
    }
}